{
  "variants": {
    "": {
      "model": "continuumuniverses:block/kormikest_fluid",
      "level=0": {
        "model": "continuumuniverses:block/kormikest_fluid_still"
      },
      "level=1": {
        "model": "continuumuniverses:block/kormikest_fluid_flow"
      },
      "level=2": {
        "model": "continuumuniverses:block/kormikest_fluid_flow"
      },
      "level=3": {
        "model": "continuumuniverses:block/kormikest_fluid_flow"
      },
      "level=4": {
        "model": "continuumuniverses:block/kormikest_fluid_flow"
      },
      "level=5": {
        "model": "continuumuniverses:block/kormikest_fluid_flow"
      },
      "level=6": {
        "model": "continuumuniverses:block/kormikest_fluid_flow"
      },
      "level=7": {
        "model": "continuumuniverses:block/kormikest_fluid_flow"
      },
      "level=8": {
        "model": "continuumuniverses:block/kormikest_fluid_flow"
      },
      "level=9": {
        "model": "continuumuniverses:block/kormikest_fluid_flow"
      },
      "level=10": {
        "model": "continuumuniverses:block/kormikest_fluid_flow"
      },
      "level=11": {
        "model": "continuumuniverses:block/kormikest_fluid_flow"
      },
      "level=12": {
        "model": "continuumuniverses:block/kormikest_fluid_flow"
      },
      "level=13": {
        "model": "continuumuniverses:block/kormikest_fluid_flow"
      },
      "level=14": {
        "model": "continuumuniverses:block/kormikest_fluid_flow"
      },
      "level=15": {
        "model": "continuumuniverses:block/kormikest_fluid_flow"
      }
    }
  }
}