{
  "variants": {
    "facing=north,lit=false": { "model": "continuumuniverses:block/plasma_furnace" },
    "facing=south,lit=false": { "model": "continuumuniverses:block/plasma_furnace", "y": 180 },
    "facing=west,lit=false":  { "model": "continuumuniverses:block/plasma_furnace", "y": 270 },
    "facing=east,lit=false":  { "model": "continuumuniverses:block/plasma_furnace", "y": 90 },

    "facing=north,lit=true":  { "model": "continuumuniverses:block/plasma_furnace_on" },
    "facing=south,lit=true":  { "model": "continuumuniverses:block/plasma_furnace_on", "y": 180 },
    "facing=west,lit=true":   { "model": "continuumuniverses:block/plasma_furnace_on", "y": 270 },
    "facing=east,lit=true":   { "model": "continuumuniverses:block/plasma_furnace_on", "y": 90 }
  }
}
